-- phpMyAdmin SQL Dump
-- version 5.1.1deb5ubuntu1
-- https://www.phpmyadmin.net/
--
-- Hôte : localhost:3306
-- Généré le : jeu. 16 nov. 2023 à 22:13
-- Version du serveur : 10.6.12-MariaDB-0ubuntu0.22.04.1
-- Version de PHP : 8.2.12

SET SQL_MODE = "NO_AUTO_VALUE_ON_ZERO";
START TRANSACTION;
SET time_zone = "+00:00";


/*!40101 SET @OLD_CHARACTER_SET_CLIENT=@@CHARACTER_SET_CLIENT */;
/*!40101 SET @OLD_CHARACTER_SET_RESULTS=@@CHARACTER_SET_RESULTS */;
/*!40101 SET @OLD_COLLATION_CONNECTION=@@COLLATION_CONNECTION */;
/*!40101 SET NAMES utf8mb4 */;

--
-- Base de données : `donkeyCar`
--
CREATE DATABASE IF NOT EXISTS `donkeyCar` DEFAULT CHARACTER SET utf8mb4 COLLATE utf8mb4_general_ci;
USE `donkeyCar`;

-- --------------------------------------------------------

--
-- Structure de la table `admins`
--

CREATE TABLE `admins` (
  `adminId` int(11) NOT NULL,
  `adminFirstName` varchar(100) DEFAULT NULL,
  `adminLastName` varchar(100) DEFAULT NULL,
  `adminPassword` varchar(100) DEFAULT NULL,
  `adminEmail` varchar(100) DEFAULT NULL,
  `adminRole` int(11) DEFAULT NULL,
  `createdAt` timestamp NULL DEFAULT current_timestamp(),
  `updatedAt` timestamp NULL DEFAULT current_timestamp()
) ENGINE=InnoDB DEFAULT CHARSET=utf8mb4 COLLATE=utf8mb4_general_ci;

--
-- Déchargement des données de la table `admins`
--

INSERT INTO `admins` (`adminId`, `adminFirstName`, `adminLastName`, `adminPassword`, `adminEmail`, `adminRole`, `createdAt`, `updatedAt`) VALUES
(1, 'Jean', 'Dupont', '$argon2i$v=19$m=65536,t=4,p=1$2nmMfNfZtrR6blnwh9z7Fw$rr5p1Msnw2NBs8+IiU2VhIbGBxyGMcKbZf3rY1F74Sw', 'jean.dupont@example.com', 2, '2023-11-15 16:00:49', '2023-11-15 16:00:49'),
(2, 'Marie', 'Martin', '$argon2i$v=19$m=65536,t=4,p=1$D2DTfe1efX+5uQfgvV0AxA$7XzYUZb3FcPftfyGQ/ub7p1q8vFgDDFkkqX+7F5st6g', 'marie.martin@example.com', 2, '2023-11-15 16:00:49', '2023-11-15 16:00:49'),
(3, 'Pierre', 'Dubois', '$argon2i$v=19$m=65536,t=4,p=1$FWYyhzVpmRzOZNJxMw2AbA$eN+zNdVfVjU6hht4smCNfUwHgAlEP7UT2U3g3HfUgME', 'pierre.dubois@example.com', 2, '2023-11-15 16:00:49', '2023-11-15 16:00:49'),
(4, 'Sophie', 'Bernard', '$argon2i$v=19$m=65536,t=4,p=1$9XdT2H5yL7FGm73Tk6Y3HQ$IK8YtWcqXkKzbrArTkryaOBofMnD3N2Vv1y5e/Ld.KY', 'sophie.bernard@example.com', 2, '2023-11-15 16:00:49', '2023-11-15 16:00:49'),
(5, 'Lucas', 'Lefebvre', '$argon2i$v=19$m=65536,t=4,p=1$eSSl2ATgiznGkgeWUN2aWw$o5mKg5qXK/v.WV0xvl/vsN/sV82IVuFjiwoZVDtxy7w', 'lucas.lefebvre@example.com', 2, '2023-11-15 16:00:49', '2023-11-15 16:00:49'),
(6, 'Hans', 'Schmidt', '$argon2i$v=19$m=65536,t=4,p=1$y13Ni2xFQ6KbwhNwu9bCuw$4yqYz34qr1Rk60QxJlA8f7G4MBcX/2efZLx7e4LMC7o', 'hans.schmidt@example.com', 2, '2023-11-15 16:00:49', '2023-11-15 16:00:49'),
(7, 'Elena', 'Garcia', '$argon2i$v=19$m=65536,t=4,p=1$XW9F2GVcY8.12neWgO4fIg$JWZZvKxjLCEvi8xEd3fCKGh5mlRzTm18UUDt9zlaGJY', 'elena.garcia@example.com', 2, '2023-11-15 16:00:49', '2023-11-15 16:00:49'),
(8, 'Giovanni', 'Ricci', '$argon2i$v=19$m=65536,t=4,p=1$6A1tzfN5zvuXMUEZV5BGTQ$PCKL0xYS4fRLKVlK7Y2E2nYGL6ejRRPbJ9aUv1XkWm.', 'giovanni.ricci@example.com', 2, '2023-11-15 16:00:49', '2023-11-15 16:00:49'),
(9, 'William', 'Smith', '$argon2i$v=19$m=65536,t=4,p=1$qmflf1XKusxegvCM1oSo8g$SXXAfxQxORt1rN6QpCG8Y/oyy4mBtv2Mm4ROmKj80y8', 'william.smith@example.com', 2, '2023-11-15 16:00:49', '2023-11-15 16:00:49'),
(10, 'Yuki', 'Sato', '$argon2i$v=19$m=65536,t=4,p=1$wHgthD6DG0YV0ZJ2BZf7HQ$5YDpP6XMCe9N3/ZrgrblLvKKTZKT5at63XKYYGPTz4s', 'yuki.sato@example.com', 2, '2023-11-15 16:00:49', '2023-11-15 16:00:49'),
(11, 'John', 'Doe', '$argon2i$v=19$m=65536,t=4,p=1$BoGTMfr/vENyCHMFLOjiVg$DeNdG4a4TFp6wcvrAxdTOXcqE9FRA1s5AkP8j7YvWzQ', 'john.doe@example.com', 2, '2023-11-15 16:00:49', '2023-11-15 16:00:49'),
(12, 'Maria', 'Gonzalez', '$argon2i$v=19$m=65536,t=4,p=1$4NB0gy5zVFGuxq7WDCdZ5w$7sR8Zm2ihDO86X5qG1tv0kDAR9tt/M9Y9FHPiD9zAVQ', 'maria.gonzalez@example.com', 2, '2023-11-15 16:00:49', '2023-11-15 16:00:49'),
(13, 'Luca', 'Rossi', '$argon2i$v=19$m=65536,t=4,p=1$Y1i1UiFsmK7XyMavb5T2WA$A4SW7F6I/LOyUW2/X8Fp5bjo9pInRheFqXVH8D8VfPK', 'luca.rossi@example.com', 2, '2023-11-15 16:00:49', '2023-11-15 16:00:49'),
(14, 'Olivia', 'Johnson', '$argon2i$v=19$m=65536,t=4,p=1$RJYPTzS7/SGlS7cfBxtE9g$ktN9lV9nD1o1vGmVmJ7yTy01GWWK8F0U4zYplkcnB6g', 'olivia.johnson@example.com', 2, '2023-11-15 16:00:49', '2023-11-15 16:00:49'),
(15, 'Chen', 'Li', '$argon2i$v=19$m=65536,t=4,p=1$ZTyl22fxc0G8eqe0/z2mzw$4vNnLPGufjqYeuh6F/3XC.MqCG3KKZFl6oHBl1P/16A', 'chen.li@example.com', 2, '2023-11-15 16:00:49', '2023-11-15 16:00:49'),
(16, 'super', 'admin', '$argon2i$v=19$m=65536,t=4,p=1$ZHo7ZwGoHLO7Okaz$CbTtueF1p8TF0wpl/2g8/NXq1rtu2xVDSBG3SsPp0Bw', 'joubert.mathieu753783@gmail.com', 1, '2023-11-15 16:00:49', '2023-11-15 16:00:49');

-- --------------------------------------------------------

--
-- Structure de la table `brands`
--

CREATE TABLE `brands` (
  `brandId` int(11) NOT NULL,
  `brandName` varchar(100) DEFAULT NULL,
  `createdAt` timestamp NULL DEFAULT current_timestamp(),
  `updatedAt` timestamp NULL DEFAULT current_timestamp()
) ENGINE=InnoDB DEFAULT CHARSET=utf8mb4 COLLATE=utf8mb4_general_ci;

--
-- Déchargement des données de la table `brands`
--

INSERT INTO `brands` (`brandId`, `brandName`, `createdAt`, `updatedAt`) VALUES
(1, 'Toyota', '2023-11-15 12:40:38', '2023-11-15 12:40:38'),
(2, 'Honda', '2023-11-15 12:40:38', '2023-11-15 12:40:38'),
(3, 'Ford', '2023-11-15 12:40:38', '2023-11-15 12:40:38'),
(4, 'Chevrolet', '2023-11-15 12:40:38', '2023-11-15 12:40:38'),
(5, 'Nissan', '2023-11-15 12:40:38', '2023-11-15 12:40:38'),
(6, 'BMW', '2023-11-15 12:40:38', '2023-11-15 12:40:38'),
(7, 'Mercedes-Benz', '2023-11-15 12:40:38', '2023-11-15 12:40:38'),
(8, 'Volkswagen', '2023-11-15 12:40:38', '2023-11-15 12:40:38'),
(9, 'Audi', '2023-11-15 12:40:38', '2023-11-15 12:40:38'),
(10, 'Hyundai', '2023-11-15 12:40:38', '2023-11-15 12:40:38'),
(11, 'Renault', '2023-11-15 14:22:12', '2023-11-15 14:22:12'),
(12, 'Peugeot', '2023-11-15 14:22:12', '2023-11-15 14:22:12'),
(13, 'Citroën', '2023-11-15 14:22:12', '2023-11-15 14:22:12');

-- --------------------------------------------------------

--
-- Structure de la table `cars`
--

CREATE TABLE `cars` (
  `carId` int(11) NOT NULL,
  `carName` varchar(100) DEFAULT NULL,
  `carImmatriculation` varchar(100) DEFAULT NULL,
  `carYear` date DEFAULT NULL,
  `carTarifHourHT` float DEFAULT NULL,
  `carTarifDayHT` float DEFAULT NULL,
  `carCaution` float DEFAULT NULL,
  `brandId` int(11) DEFAULT NULL,
  `typeCarId` int(11) DEFAULT NULL,
  `createdAt` timestamp NULL DEFAULT current_timestamp(),
  `updatedAt` timestamp NULL DEFAULT current_timestamp()
) ENGINE=InnoDB DEFAULT CHARSET=utf8mb4 COLLATE=utf8mb4_general_ci;

--
-- Déchargement des données de la table `cars`
--

INSERT INTO `cars` (`carId`, `carName`, `carImmatriculation`, `carYear`, `carTarifHourHT`, `carTarifDayHT`, `carCaution`, `brandId`, `typeCarId`, `createdAt`, `updatedAt`) VALUES
(1, 'Clio', 'HT-515-GB', '2020-01-01', 15, 90, 500, 11, 3, '2023-11-15 14:33:16', '2023-11-15 14:33:16'),
(2, '208', 'NJ-351-HZ', '2023-01-01', 17, 100, 550, 12, 5, '2023-11-15 14:33:16', '2023-11-15 14:33:16'),
(3, 'C3', 'HO-288-JH', '2008-01-01', 14, 85, 450, 13, 2, '2023-11-15 14:33:16', '2023-11-15 14:33:16'),
(4, 'Corolla', 'IQ-480-CE', '2018-01-01', 18, 110, 600, 1, 4, '2023-11-15 14:33:16', '2023-11-15 14:33:16'),
(5, 'Civic', 'RR-869-US', '2012-01-01', 16, 95, 500, 2, 2, '2023-11-15 14:33:16', '2023-11-15 14:33:16'),
(6, 'F-150', 'WZ-503-QN', '2016-01-01', 19, 115, 650, 3, 1, '2023-11-15 14:33:16', '2023-11-15 14:33:16'),
(7, 'Silverado', 'CW-338-CI', '2004-01-01', 13, 80, 400, 4, 5, '2023-11-15 14:33:16', '2023-11-15 14:33:16'),
(8, 'Altima', 'SN-897-PQ', '2011-01-01', 15, 90, 500, 5, 1, '2023-11-15 14:33:16', '2023-11-15 14:33:16'),
(9, '3 Series', 'BX-765-BZ', '2001-01-01', 20, 120, 700, 6, 4, '2023-11-15 14:33:16', '2023-11-15 14:33:16'),
(10, 'C-Class', 'OJ-465-MV', '2003-01-01', 21, 125, 750, 7, 4, '2023-11-15 14:33:16', '2023-11-15 14:33:16'),
(11, 'Golf', 'BY-658-QH', '2018-01-01', 16, 95, 500, 8, 1, '2023-11-15 14:33:16', '2023-11-15 14:33:16'),
(12, 'A4', 'ZG-995-BI', '2000-01-01', 22, 130, 800, 9, 4, '2023-11-15 14:33:16', '2023-11-15 14:33:16'),
(13, 'Sonata', 'MK-932-KP', '2000-01-01', 14, 85, 450, 10, 4, '2023-11-15 14:33:16', '2023-11-15 14:33:16'),
(14, 'Kadjar', 'FG-313-KX', '2019-01-01', 16.5, 99, 525, 11, 5, '2023-11-15 14:37:52', '2023-11-15 14:37:52'),
(15, '3008', 'MN-971-AH', '2017-01-01', 18, 108, 540, 12, 5, '2023-11-15 14:37:52', '2023-11-15 14:37:52'),
(16, 'Berlingo', 'PC-340-XF', '2016-01-01', 15, 90, 450, 13, 3, '2023-11-15 14:37:52', '2023-11-15 14:37:52'),
(17, 'Tacoma', 'PC-965-EL', '2007-01-01', 17, 102, 510, 1, 4, '2023-11-15 14:37:52', '2023-11-15 14:37:52'),
(18, 'Pilot', 'QK-862-RG', '2006-01-01', 16, 96, 480, 2, 1, '2023-11-15 14:37:52', '2023-11-15 14:37:52'),
(19, 'Mustang', 'QZ-871-DK', '2009-01-01', 20, 120, 600, 3, 3, '2023-11-15 14:37:52', '2023-11-15 14:37:52'),
(20, 'Malibu', 'FX-428-FG', '2001-01-01', 14, 84, 420, 4, 1, '2023-11-15 14:37:52', '2023-11-15 14:37:52'),
(21, 'Rogue', 'YF-690-VY', '2012-01-01', 15.5, 93, 465, 5, 1, '2023-11-15 14:37:52', '2023-11-15 14:37:52'),
(22, 'X3', 'GJ-422-JA', '2010-01-01', 19, 114, 570, 6, 5, '2023-11-15 14:37:52', '2023-11-15 14:37:52'),
(23, 'GLE', 'ZX-720-PX', '2020-01-01', 22, 132, 660, 7, 1, '2023-11-15 14:37:52', '2023-11-15 14:37:52'),
(24, 'Captur', 'CV-652-RX', '2015-01-01', 21.14, 126.84, 494.76, 11, 3, '2023-11-15 14:40:28', '2023-11-15 14:40:28'),
(25, 'Rifter', 'DF-548-MV', '2013-01-01', 12.36, 74.16, 543.07, 12, 5, '2023-11-15 14:40:28', '2023-11-15 14:40:28'),
(26, 'DS3', 'BN-141-WJ', '2021-01-01', 22.68, 136.08, 743.17, 13, 5, '2023-11-15 14:40:28', '2023-11-15 14:40:28'),
(27, 'RAV4', 'BH-195-XJ', '2014-01-01', 17.71, 106.26, 489.09, 1, 1, '2023-11-15 14:40:28', '2023-11-15 14:40:28'),
(28, 'HR-V', 'CS-150-QP', '2018-01-01', 16.01, 96.06, 596.89, 2, 2, '2023-11-15 14:40:28', '2023-11-15 14:40:28'),
(29, 'Ranger', 'BU-214-GD', '2022-01-01', 23.95, 143.7, 778.78, 3, 5, '2023-11-15 14:40:28', '2023-11-15 14:40:28'),
(30, 'Tahoe', 'JG-723-BI', '2011-01-01', 16.59, 99.54, 555.5, 4, 3, '2023-11-15 14:40:28', '2023-11-15 14:40:28'),
(31, 'Sentra', 'YC-005-UM', '2022-01-01', 16.16, 96.96, 457.75, 5, 4, '2023-11-15 14:40:28', '2023-11-15 14:40:28'),
(32, 'X5', 'CJ-755-WO', '2018-01-01', 20.59, 123.54, 478.44, 6, 3, '2023-11-15 14:40:28', '2023-11-15 14:40:28'),
(33, 'A-Class', 'GZ-288-MZ', '2011-01-01', 14.97, 89.82, 786.81, 7, 1, '2023-11-15 14:40:28', '2023-11-15 14:40:28'),
(34, 'Captur', 'CV-652-RX', '2015-01-01', 21.14, 126.84, 494.76, 11, 3, '2023-11-15 14:40:30', '2023-11-15 14:40:30'),
(35, 'Rifter', 'DF-548-MV', '2013-01-01', 12.36, 74.16, 543.07, 12, 5, '2023-11-15 14:40:30', '2023-11-15 14:40:30'),
(36, 'DS3', 'BN-141-WJ', '2021-01-01', 22.68, 136.08, 743.17, 13, 5, '2023-11-15 14:40:30', '2023-11-15 14:40:30'),
(37, 'RAV4', 'BH-195-XJ', '2014-01-01', 17.71, 106.26, 489.09, 1, 1, '2023-11-15 14:40:30', '2023-11-15 14:40:30'),
(38, 'HR-V', 'CS-150-QP', '2018-01-01', 16.01, 96.06, 596.89, 2, 2, '2023-11-15 14:40:30', '2023-11-15 14:40:30'),
(39, 'Ranger', 'BU-214-GD', '2022-01-01', 23.95, 143.7, 778.78, 3, 5, '2023-11-15 14:40:30', '2023-11-15 14:40:30'),
(40, 'Tahoe', 'JG-723-BI', '2011-01-01', 16.59, 99.54, 555.5, 4, 3, '2023-11-15 14:40:30', '2023-11-15 14:40:30'),
(41, 'Sentra', 'YC-005-UM', '2022-01-01', 16.16, 96.96, 457.75, 5, 4, '2023-11-15 14:40:30', '2023-11-15 14:40:30'),
(42, 'X5', 'CJ-755-WO', '2018-01-01', 20.59, 123.54, 478.44, 6, 3, '2023-11-15 14:40:30', '2023-11-15 14:40:30'),
(43, 'A-Class', 'GZ-288-MZ', '2011-01-01', 14.97, 89.82, 786.81, 7, 1, '2023-11-15 14:40:30', '2023-11-15 14:40:30'),
(44, 'Zoe', 'IK-967-GB', '2011-01-01', 23.68, 142.08, 424.99, 11, 2, '2023-11-15 14:43:42', '2023-11-15 14:43:42'),
(45, 'Partner', 'KS-205-II', '2006-01-01', 20.77, 124.62, 432.63, 12, 3, '2023-11-15 14:43:42', '2023-11-15 14:43:42'),
(46, 'C4 Picasso', 'YW-425-ZE', '2016-01-01', 20.73, 124.38, 755.82, 13, 4, '2023-11-15 14:43:42', '2023-11-15 14:43:42'),
(47, 'Sienna', 'RC-284-XQ', '2017-01-01', 16.48, 98.88, 636.46, 1, 2, '2023-11-15 14:43:42', '2023-11-15 14:43:42'),
(48, 'Odyssey', 'CM-036-SP', '2010-01-01', 21.86, 131.16, 578.1, 2, 1, '2023-11-15 14:43:42', '2023-11-15 14:43:42'),
(49, 'Bronco', 'NX-546-QB', '2022-01-01', 23.97, 143.82, 463.18, 3, 4, '2023-11-15 14:43:42', '2023-11-15 14:43:42'),
(50, 'Colorado', 'AH-728-SO', '2012-01-01', 22.27, 133.62, 796.22, 4, 2, '2023-11-15 14:43:42', '2023-11-15 14:43:42'),
(51, 'Clio', 'AB-123-XY', '2020-01-01', 15, 90, 500, 11, 3, '2023-11-15 14:51:34', '2023-11-15 14:51:34'),
(52, '208', 'CD-456-ZZ', '2023-01-01', 17, 100, 550, 12, 5, '2023-11-15 14:51:34', '2023-11-15 14:51:34'),
(53, 'C3', 'EF-789-AA', '2008-01-01', 14, 85, 450, 13, 2, '2023-11-15 14:51:34', '2023-11-15 14:51:34'),
(54, 'Corolla', 'GH-012-BB', '2018-01-01', 18, 110, 600, 1, 4, '2023-11-15 14:51:34', '2023-11-15 14:51:34'),
(55, 'Civic', 'IJ-345-CC', '2012-01-01', 16, 95, 500, 2, 2, '2023-11-15 14:51:34', '2023-11-15 14:51:34'),
(56, 'F-150', 'KL-678-DD', '2016-01-01', 19, 115, 650, 3, 1, '2023-11-15 14:51:34', '2023-11-15 14:51:34'),
(57, 'Silverado', 'MN-901-EE', '2004-01-01', 13, 80, 400, 4, 5, '2023-11-15 14:51:34', '2023-11-15 14:51:34'),
(58, 'Altima', 'OP-234-FF', '2011-01-01', 15, 90, 500, 5, 1, '2023-11-15 14:51:34', '2023-11-15 14:51:34'),
(59, '3 Series', 'QR-567-GG', '2001-01-01', 20, 120, 700, 6, 4, '2023-11-15 14:51:34', '2023-11-15 14:51:34'),
(60, 'C-Class', 'ST-890-HH', '2003-01-01', 21, 125, 750, 7, 4, '2023-11-15 14:51:34', '2023-11-15 14:51:34'),
(61, 'Golf', 'UV-123-II', '2018-01-01', 16, 95, 500, 8, 1, '2023-11-15 14:51:34', '2023-11-15 14:51:34'),
(62, 'A4', 'WX-456-JJ', '2000-01-01', 22, 130, 800, 9, 4, '2023-11-15 14:51:34', '2023-11-15 14:51:34'),
(63, 'Sonata', 'YZ-789-KK', '2000-01-01', 14, 85, 450, 10, 4, '2023-11-15 14:51:34', '2023-11-15 14:51:34'),
(64, 'Kadjar', 'AB-123-LL', '2019-01-01', 16.5, 99, 525, 11, 5, '2023-11-15 14:51:34', '2023-11-15 14:51:34'),
(65, '3008', 'CD-456-MM', '2017-01-01', 18, 108, 540, 12, 5, '2023-11-15 14:51:34', '2023-11-15 14:51:34'),
(66, 'Berlingo', 'EF-789-NN', '2016-01-01', 15, 90, 450, 13, 3, '2023-11-15 14:51:34', '2023-11-15 14:51:34'),
(67, 'Tacoma', 'GH-012-OO', '2007-01-01', 17, 102, 510, 1, 4, '2023-11-15 14:51:34', '2023-11-15 14:51:34'),
(68, 'Pilot', 'IJ-345-PP', '2006-01-01', 16, 96, 480, 2, 1, '2023-11-15 14:51:34', '2023-11-15 14:51:34'),
(69, 'Mustang', 'KL-678-QQ', '2009-01-01', 20, 120, 600, 3, 3, '2023-11-15 14:51:34', '2023-11-15 14:51:34'),
(70, 'Malibu', 'MN-901-RR', '2001-01-01', 14, 84, 420, 4, 1, '2023-11-15 14:51:34', '2023-11-15 14:51:34'),
(71, 'Rogue', 'OP-234-SS', '2012-01-01', 15.5, 93, 465, 5, 1, '2023-11-15 14:51:34', '2023-11-15 14:51:34'),
(72, 'X3', 'QR-567-TT', '2010-01-01', 19, 114, 570, 6, 5, '2023-11-15 14:51:34', '2023-11-15 14:51:34'),
(73, 'GLE', 'ST-890-UU', '2020-01-01', 22, 132, 660, 7, 1, '2023-11-15 14:51:34', '2023-11-15 14:51:34'),
(74, 'Captur', 'UV-123-VV', '2015-01-01', 21.14, 126.84, 494.76, 11, 3, '2023-11-15 14:51:34', '2023-11-15 14:51:34'),
(75, 'Rifter', 'WX-456-WW', '2013-01-01', 12.36, 74.16, 543.07, 12, 5, '2023-11-15 14:51:34', '2023-11-15 14:51:34'),
(76, 'DS3', 'YZ-789-XX', '2021-01-01', 22.68, 136.08, 743.17, 13, 5, '2023-11-15 14:51:34', '2023-11-15 14:51:34'),
(77, 'RAV4', 'AB-123-YY', '2014-01-01', 17.71, 106.26, 489.09, 1, 1, '2023-11-15 14:51:34', '2023-11-15 14:51:34'),
(78, 'HR-V', 'CD-456-ZZ', '2018-01-01', 16.01, 96.06, 596.89, 2, 2, '2023-11-15 14:51:34', '2023-11-15 14:51:34'),
(79, 'Ranger', 'EF-789-AA', '2022-01-01', 23.95, 143.7, 778.78, 3, 5, '2023-11-15 14:51:34', '2023-11-15 14:51:34'),
(80, 'Tahoe', 'GH-012-BB', '2011-01-01', 16.59, 99.54, 555.5, 4, 3, '2023-11-15 14:51:34', '2023-11-15 14:51:34'),
(81, 'Sentra', 'IJ-345-CC', '2022-01-01', 16.16, 96.96, 457.75, 5, 4, '2023-11-15 14:51:34', '2023-11-15 14:51:34'),
(82, 'X5', 'KL-678-DD', '2018-01-01', 20.59, 123.54, 478.44, 6, 3, '2023-11-15 14:51:34', '2023-11-15 14:51:34'),
(83, 'A-Class', 'MN-901-EE', '2011-01-01', 14.97, 89.82, 786.81, 7, 1, '2023-11-15 14:51:34', '2023-11-15 14:51:34'),
(84, 'Zoe', 'OP-234-FF', '2011-01-01', 23.68, 142.08, 424.99, 11, 2, '2023-11-15 14:51:34', '2023-11-15 14:51:34'),
(85, 'Partner', 'QR-567-GG', '2006-01-01', 20.77, 124.62, 432.63, 12, 3, '2023-11-15 14:51:34', '2023-11-15 14:51:34'),
(86, 'C4 Picasso', 'ST-890-HH', '2016-01-01', 20.73, 124.38, 755.82, 13, 4, '2023-11-15 14:51:34', '2023-11-15 14:51:34'),
(87, 'Sienna', 'UV-123-II', '2017-01-01', 16.48, 98.88, 636.46, 1, 2, '2023-11-15 14:51:34', '2023-11-15 14:51:34'),
(88, 'Odyssey', 'WX-456-JJ', '2010-01-01', 21.86, 131.16, 578.1, 2, 1, '2023-11-15 14:51:34', '2023-11-15 14:51:34'),
(89, 'Bronco', 'YZ-789-KK', '2022-01-01', 23.97, 143.82, 463.18, 3, 4, '2023-11-15 14:51:34', '2023-11-15 14:51:34'),
(90, 'Colorado', 'AB-123-LL', '2012-01-01', 22.27, 133.62, 796.22, 4, 2, '2023-11-15 14:51:34', '2023-11-15 14:51:34'),
(91, 'Clio', 'B-AB 1234', '2020-01-01', 15, 90, 500, 11, 3, '2023-11-15 14:59:31', '2023-11-15 14:59:31'),
(92, '208', 'B-BC 2345', '2023-01-01', 17, 100, 550, 12, 5, '2023-11-15 14:59:31', '2023-11-15 14:59:31'),
(93, 'C3', 'D-CD 3456', '2008-01-01', 14, 85, 450, 13, 2, '2023-11-15 14:59:31', '2023-11-15 14:59:31'),
(94, 'Corolla', 'D-DE 4567', '2018-01-01', 18, 110, 600, 1, 4, '2023-11-15 14:59:31', '2023-11-15 14:59:31'),
(95, 'Civic', 'F-EF 5678', '2012-01-01', 16, 95, 500, 2, 2, '2023-11-15 14:59:31', '2023-11-15 14:59:31'),
(96, 'F-150', 'F-FG 6789', '2016-01-01', 19, 115, 650, 3, 1, '2023-11-15 14:59:31', '2023-11-15 14:59:31'),
(97, 'Silverado', 'H-GH 7890', '2004-01-01', 13, 80, 400, 4, 5, '2023-11-15 14:59:31', '2023-11-15 14:59:31'),
(98, 'Altima', 'H-HI 8901', '2011-01-01', 15, 90, 500, 5, 1, '2023-11-15 14:59:31', '2023-11-15 14:59:31'),
(99, '3 Series', 'M-IJ 9012', '2001-01-01', 20, 120, 700, 6, 4, '2023-11-15 14:59:31', '2023-11-15 14:59:31'),
(100, 'C-Class', 'M-JK 0123', '2003-01-01', 21, 125, 750, 7, 4, '2023-11-15 14:59:31', '2023-11-15 14:59:31'),
(101, 'Clio', '1234 BBB', '2020-01-01', 15, 90, 500, 11, 3, '2023-11-15 15:03:16', '2023-11-15 15:03:16'),
(102, '208', '2345 CCC', '2023-01-01', 17, 100, 550, 12, 5, '2023-11-15 15:03:16', '2023-11-15 15:03:16'),
(103, 'C3', '3456 DDD', '2008-01-01', 14, 85, 450, 13, 2, '2023-11-15 15:03:16', '2023-11-15 15:03:16'),
(104, 'Corolla', '4567 EEE', '2018-01-01', 18, 110, 600, 1, 4, '2023-11-15 15:03:16', '2023-11-15 15:03:16'),
(105, 'Civic', '5678 FFF', '2012-01-01', 16, 95, 500, 2, 2, '2023-11-15 15:03:16', '2023-11-15 15:03:16'),
(106, 'F-150', '6789 GGG', '2016-01-01', 19, 115, 650, 3, 1, '2023-11-15 15:03:16', '2023-11-15 15:03:16'),
(107, 'Silverado', '7890 HHH', '2004-01-01', 13, 80, 400, 4, 5, '2023-11-15 15:03:16', '2023-11-15 15:03:16'),
(108, 'Altima', '8901 III', '2011-01-01', 15, 90, 500, 5, 1, '2023-11-15 15:03:16', '2023-11-15 15:03:16'),
(109, '3 Series', '9012 JJJ', '2001-01-01', 20, 120, 700, 6, 4, '2023-11-15 15:03:16', '2023-11-15 15:03:16'),
(110, 'C-Class', '0123 KKK', '2003-01-01', 21, 125, 750, 7, 4, '2023-11-15 15:03:16', '2023-11-15 15:03:16'),
(111, 'Clio', 'AB123CD', '2020-01-01', 15, 90, 500, 11, 3, '2023-11-15 15:05:03', '2023-11-15 15:05:03'),
(112, '208', 'BC234DE', '2023-01-01', 17, 100, 550, 12, 5, '2023-11-15 15:05:03', '2023-11-15 15:05:03'),
(113, 'C3', 'CD345EF', '2008-01-01', 14, 85, 450, 13, 2, '2023-11-15 15:05:03', '2023-11-15 15:05:03'),
(114, 'Corolla', 'DE456FG', '2018-01-01', 18, 110, 600, 1, 4, '2023-11-15 15:05:03', '2023-11-15 15:05:03'),
(115, 'Civic', 'EF567GH', '2012-01-01', 16, 95, 500, 2, 2, '2023-11-15 15:05:03', '2023-11-15 15:05:03'),
(116, 'F-150', 'FG678HI', '2016-01-01', 19, 115, 650, 3, 1, '2023-11-15 15:05:03', '2023-11-15 15:05:03'),
(117, 'Silverado', 'GH789IJ', '2004-01-01', 13, 80, 400, 4, 5, '2023-11-15 15:05:03', '2023-11-15 15:05:03'),
(118, 'Altima', 'HI890JK', '2011-01-01', 15, 90, 500, 5, 1, '2023-11-15 15:05:03', '2023-11-15 15:05:03'),
(119, '3 Series', 'IJ901KL', '2001-01-01', 20, 120, 700, 6, 4, '2023-11-15 15:05:03', '2023-11-15 15:05:03'),
(120, 'C-Class', 'JK012LM', '2003-01-01', 21, 125, 750, 7, 4, '2023-11-15 15:05:03', '2023-11-15 15:05:03'),
(121, 'Clio', 'AB12 CDE', '2020-01-01', 15, 90, 500, 11, 3, '2023-11-15 15:07:07', '2023-11-15 15:07:07'),
(122, '208', 'BC23 DEF', '2023-01-01', 17, 100, 550, 12, 5, '2023-11-15 15:07:07', '2023-11-15 15:07:07'),
(123, 'C3', 'CD34 EFG', '2008-01-01', 14, 85, 450, 13, 2, '2023-11-15 15:07:07', '2023-11-15 15:07:07'),
(124, 'Corolla', 'DE45 FGH', '2018-01-01', 18, 110, 600, 1, 4, '2023-11-15 15:07:07', '2023-11-15 15:07:07'),
(125, 'Civic', 'EF56 GHI', '2012-01-01', 16, 95, 500, 2, 2, '2023-11-15 15:07:07', '2023-11-15 15:07:07'),
(126, 'F-150', 'FG67 HIJ', '2016-01-01', 19, 115, 650, 3, 1, '2023-11-15 15:07:07', '2023-11-15 15:07:07'),
(127, 'Silverado', 'GH78 IJK', '2004-01-01', 13, 80, 400, 4, 5, '2023-11-15 15:07:07', '2023-11-15 15:07:07'),
(128, 'Altima', 'HI89 JKL', '2011-01-01', 15, 90, 500, 5, 1, '2023-11-15 15:07:07', '2023-11-15 15:07:07'),
(129, '3 Series', 'IJ90 KLM', '2001-01-01', 20, 120, 700, 6, 4, '2023-11-15 15:07:07', '2023-11-15 15:07:07'),
(130, 'C-Class', 'JK01 LMN', '2003-01-01', 21, 125, 750, 7, 4, '2023-11-15 15:07:07', '2023-11-15 15:07:07'),
(131, 'Clio', 'さ 1234', '2020-01-01', 15, 90, 500, 11, 3, '2023-11-15 15:10:11', '2023-11-15 15:10:11'),
(132, '208', 'し 2345', '2023-01-01', 17, 100, 550, 12, 5, '2023-11-15 15:10:11', '2023-11-15 15:10:11'),
(133, 'C3', 'す 3456', '2008-01-01', 14, 85, 450, 13, 2, '2023-11-15 15:10:11', '2023-11-15 15:10:11'),
(134, 'Corolla', 'せ 4567', '2018-01-01', 18, 110, 600, 1, 4, '2023-11-15 15:10:11', '2023-11-15 15:10:11'),
(135, 'Civic', 'そ 5678', '2012-01-01', 16, 95, 500, 2, 2, '2023-11-15 15:10:11', '2023-11-15 15:10:11'),
(136, 'F-150', 'た 6789', '2016-01-01', 19, 115, 650, 3, 1, '2023-11-15 15:10:11', '2023-11-15 15:10:11'),
(137, 'Silverado', 'ち 7890', '2004-01-01', 13, 80, 400, 4, 5, '2023-11-15 15:10:11', '2023-11-15 15:10:11'),
(138, 'Altima', 'つ 8901', '2011-01-01', 15, 90, 500, 5, 1, '2023-11-15 15:10:11', '2023-11-15 15:10:11'),
(139, '3 Series', 'て 9012', '2001-01-01', 20, 120, 700, 6, 4, '2023-11-15 15:10:11', '2023-11-15 15:10:11'),
(140, 'C-Class', 'と 0123', '2003-01-01', 21, 125, 750, 7, 4, '2023-11-15 15:10:11', '2023-11-15 15:10:11'),
(141, 'Clio', '1ABC234', '2020-01-01', 15, 90, 500, 11, 3, '2023-11-15 15:11:58', '2023-11-15 15:11:58'),
(142, '208', '2DEF345', '2023-01-01', 17, 100, 550, 12, 5, '2023-11-15 15:11:58', '2023-11-15 15:11:58'),
(143, 'C3', '3GHI456', '2008-01-01', 14, 85, 450, 13, 2, '2023-11-15 15:11:58', '2023-11-15 15:11:58'),
(144, 'Corolla', '4JKL567', '2018-01-01', 18, 110, 600, 1, 4, '2023-11-15 15:11:58', '2023-11-15 15:11:58'),
(145, 'Civic', '5MNO678', '2012-01-01', 16, 95, 500, 2, 2, '2023-11-15 15:11:58', '2023-11-15 15:11:58'),
(146, 'F-150', '6PQR789', '2016-01-01', 19, 115, 650, 3, 1, '2023-11-15 15:11:58', '2023-11-15 15:11:58'),
(147, 'Silverado', '7STU890', '2004-01-01', 13, 80, 400, 4, 5, '2023-11-15 15:11:58', '2023-11-15 15:11:58'),
(148, 'Altima', '8VWX901', '2011-01-01', 15, 90, 500, 5, 1, '2023-11-15 15:11:58', '2023-11-15 15:11:58'),
(149, '3 Series', '9YZW234', '2001-01-01', 20, 120, 700, 6, 4, '2023-11-15 15:11:58', '2023-11-15 15:11:58'),
(150, 'C-Class', '0ABX345', '2003-01-01', 21, 125, 750, 7, 4, '2023-11-15 15:11:58', '2023-11-15 15:11:58'),
(151, 'Clio', '123 AB 77', '2020-01-01', 15, 90, 500, 11, 3, '2023-11-15 15:15:17', '2023-11-15 15:15:17'),
(152, '208', '234 BC 77', '2023-01-01', 17, 100, 550, 12, 5, '2023-11-15 15:15:17', '2023-11-15 15:15:17'),
(153, 'C3', '345 CD 77', '2008-01-01', 14, 85, 450, 13, 2, '2023-11-15 15:15:17', '2023-11-15 15:15:17'),
(154, 'Corolla', '456 DE 77', '2018-01-01', 18, 110, 600, 1, 4, '2023-11-15 15:15:17', '2023-11-15 15:15:17'),
(155, 'Civic', '567 EF 77', '2012-01-01', 16, 95, 500, 2, 2, '2023-11-15 15:15:17', '2023-11-15 15:15:17'),
(156, 'F-150', '678 FG 77', '2016-01-01', 19, 115, 650, 3, 1, '2023-11-15 15:15:17', '2023-11-15 15:15:17'),
(157, 'Silverado', '789 GH 77', '2004-01-01', 13, 80, 400, 4, 5, '2023-11-15 15:15:17', '2023-11-15 15:15:17'),
(158, 'Altima', '890 HI 77', '2011-01-01', 15, 90, 500, 5, 1, '2023-11-15 15:15:17', '2023-11-15 15:15:17'),
(159, '3 Series', '901 IJ 77', '2001-01-01', 20, 120, 700, 6, 4, '2023-11-15 15:15:17', '2023-11-15 15:15:17'),
(160, 'C-Class', '012 JK 77', '2003-01-01', 21, 125, 750, 7, 4, '2023-11-15 15:15:17', '2023-11-15 15:15:17'),
(161, 'Clio', 'ABC123', '2020-01-01', 15, 90, 500, 11, 3, '2023-11-15 15:18:18', '2023-11-15 15:18:18'),
(162, '208', 'DEF456', '2023-01-01', 17, 100, 550, 12, 5, '2023-11-15 15:18:18', '2023-11-15 15:18:18'),
(163, 'C3', 'GHI789', '2008-01-01', 14, 85, 450, 13, 2, '2023-11-15 15:18:18', '2023-11-15 15:18:18'),
(164, 'Corolla', 'JKL012', '2018-01-01', 18, 110, 600, 1, 4, '2023-11-15 15:18:18', '2023-11-15 15:18:18'),
(165, 'Civic', 'MNO345', '2012-01-01', 16, 95, 500, 2, 2, '2023-11-15 15:18:18', '2023-11-15 15:18:18'),
(166, 'F-150', 'PQR678', '2016-01-01', 19, 115, 650, 3, 1, '2023-11-15 15:18:18', '2023-11-15 15:18:18'),
(167, 'Silverado', 'STU901', '2004-01-01', 13, 80, 400, 4, 5, '2023-11-15 15:18:18', '2023-11-15 15:18:18'),
(168, 'Altima', 'VWX234', '2011-01-01', 15, 90, 500, 5, 1, '2023-11-15 15:18:18', '2023-11-15 15:18:18'),
(169, '3 Series', 'YZA567', '2001-01-01', 20, 120, 700, 6, 4, '2023-11-15 15:18:18', '2023-11-15 15:18:18'),
(170, 'C-Class', 'BCD890', '2003-01-01', 21, 125, 750, 7, 4, '2023-11-15 15:18:18', '2023-11-15 15:18:18'),
(171, 'Clio', 'ABCD 123', '2020-01-01', 15, 90, 500, 11, 3, '2023-11-15 15:19:55', '2023-11-15 15:19:55'),
(172, '208', 'EFGH 456', '2023-01-01', 17, 100, 550, 12, 5, '2023-11-15 15:19:55', '2023-11-15 15:19:55'),
(173, 'C3', 'IJKL 789', '2008-01-01', 14, 85, 450, 13, 2, '2023-11-15 15:19:55', '2023-11-15 15:19:55'),
(174, 'Corolla', 'MNOP 012', '2018-01-01', 18, 110, 600, 1, 4, '2023-11-15 15:19:55', '2023-11-15 15:19:55'),
(175, 'Civic', 'QRST 345', '2012-01-01', 16, 95, 500, 2, 2, '2023-11-15 15:19:55', '2023-11-15 15:19:55'),
(176, 'F-150', 'UVWX 678', '2016-01-01', 19, 115, 650, 3, 1, '2023-11-15 15:19:55', '2023-11-15 15:19:55'),
(177, 'Silverado', 'YZAB 901', '2004-01-01', 13, 80, 400, 4, 5, '2023-11-15 15:19:55', '2023-11-15 15:19:55'),
(178, 'Altima', 'CDEF 234', '2011-01-01', 15, 90, 500, 5, 1, '2023-11-15 15:19:55', '2023-11-15 15:19:55'),
(179, '3 Series', 'GHIJ 567', '2001-01-01', 20, 120, 700, 6, 4, '2023-11-15 15:19:55', '2023-11-15 15:19:55'),
(180, 'C-Class', 'KLMN 890', '2003-01-01', 21, 125, 750, 7, 4, '2023-11-15 15:19:55', '2023-11-15 15:19:55'),
(181, 'Clio', '京A 12345', '2020-01-01', 15, 90, 500, 11, 3, '2023-11-15 15:21:23', '2023-11-15 15:21:23'),
(182, '208', '津B 23456', '2023-01-01', 17, 100, 550, 12, 5, '2023-11-15 15:21:23', '2023-11-15 15:21:23'),
(183, 'C3', '沪C 34567', '2008-01-01', 14, 85, 450, 13, 2, '2023-11-15 15:21:23', '2023-11-15 15:21:23'),
(184, 'Corolla', '渝D 45678', '2018-01-01', 18, 110, 600, 1, 4, '2023-11-15 15:21:23', '2023-11-15 15:21:23'),
(185, 'Civic', '冀E 56789', '2012-01-01', 16, 95, 500, 2, 2, '2023-11-15 15:21:23', '2023-11-15 15:21:23'),
(186, 'F-150', '豫F 67890', '2016-01-01', 19, 115, 650, 3, 1, '2023-11-15 15:21:23', '2023-11-15 15:21:23'),
(187, 'Silverado', '鲁G 78901', '2004-01-01', 13, 80, 400, 4, 5, '2023-11-15 15:21:23', '2023-11-15 15:21:23'),
(188, 'Altima', '晋H 89012', '2011-01-01', 15, 90, 500, 5, 1, '2023-11-15 15:21:23', '2023-11-15 15:21:23'),
(189, '3 Series', '蒙I 90123', '2001-01-01', 20, 120, 700, 6, 4, '2023-11-15 15:21:23', '2023-11-15 15:21:23'),
(190, 'C-Class', '赣J 01234', '2003-01-01', 21, 125, 750, 7, 4, '2023-11-15 15:21:23', '2023-11-15 15:21:23');

-- --------------------------------------------------------

--
-- Structure de la table `customers`
--

CREATE TABLE `customers` (
  `customerId` int(11) NOT NULL,
  `customerFirstName` varchar(100) NOT NULL,
  `customerLastName` varchar(100) NOT NULL,
  `customerBirthDay` date DEFAULT NULL,
  `customerAddress` varchar(100) NOT NULL,
  `customerZip` int(11) NOT NULL,
  `customerCity` varchar(100) NOT NULL,
  `customerCountry` varchar(100) NOT NULL,
  `customerPassword` varchar(100) NOT NULL,
  `customerEmail` varchar(100) NOT NULL,
  `customerNumber` int(11) NOT NULL,
  `customerNumberPermit` varchar(10) NOT NULL,
  `createdAt` timestamp NULL DEFAULT current_timestamp(),
  `updatedAt` timestamp NULL DEFAULT current_timestamp()
) ENGINE=InnoDB DEFAULT CHARSET=utf8mb4 COLLATE=utf8mb4_general_ci;

-- --------------------------------------------------------

--
-- Structure de la table `garageCar`
--

CREATE TABLE `garageCar` (
  `carId` int(11) DEFAULT NULL,
  `garageId` int(11) DEFAULT NULL,
  `garargeCarDisponibility` int(11) DEFAULT 0,
  `garargeCarLocationDateStart` date DEFAULT NULL,
  `garargeCarLocationDateEnd` date DEFAULT NULL,
  `createdAt` timestamp NULL DEFAULT current_timestamp(),
  `updatedAt` timestamp NULL DEFAULT current_timestamp()
) ENGINE=InnoDB DEFAULT CHARSET=utf8mb4 COLLATE=utf8mb4_general_ci;

--
-- Déchargement des données de la table `garageCar`
--

INSERT INTO `garageCar` (`carId`, `garageId`, `garargeCarDisponibility`, `garargeCarLocationDateStart`, `garargeCarLocationDateEnd`, `createdAt`, `updatedAt`) VALUES
(1, 1, 0, NULL, NULL, '2023-11-15 15:25:16', '2023-11-15 15:25:16'),
(2, 1, 0, NULL, NULL, '2023-11-15 15:25:16', '2023-11-15 15:25:16'),
(3, 1, 0, NULL, NULL, '2023-11-15 15:25:16', '2023-11-15 15:25:16'),
(4, 1, 0, NULL, NULL, '2023-11-15 15:25:16', '2023-11-15 15:25:16'),
(5, 1, 0, NULL, NULL, '2023-11-15 15:25:16', '2023-11-15 15:25:16'),
(6, 1, 0, NULL, NULL, '2023-11-15 15:25:16', '2023-11-15 15:25:16'),
(7, 1, 0, NULL, NULL, '2023-11-15 15:25:16', '2023-11-15 15:25:16'),
(8, 1, 0, NULL, NULL, '2023-11-15 15:25:16', '2023-11-15 15:25:16'),
(9, 1, 0, NULL, NULL, '2023-11-15 15:25:16', '2023-11-15 15:25:16'),
(10, 1, 0, NULL, NULL, '2023-11-15 15:25:16', '2023-11-15 15:25:16'),
(11, 1, 0, NULL, NULL, '2023-11-15 15:25:16', '2023-11-15 15:25:16'),
(12, 1, 0, NULL, NULL, '2023-11-15 15:25:16', '2023-11-15 15:25:16'),
(13, 1, 0, NULL, NULL, '2023-11-15 15:25:16', '2023-11-15 15:25:16'),
(14, 1, 0, NULL, NULL, '2023-11-15 15:25:16', '2023-11-15 15:25:16'),
(15, 1, 0, NULL, NULL, '2023-11-15 15:25:16', '2023-11-15 15:25:16'),
(16, 1, 0, NULL, NULL, '2023-11-15 15:25:16', '2023-11-15 15:25:16'),
(17, 1, 0, NULL, NULL, '2023-11-15 15:25:16', '2023-11-15 15:25:16'),
(18, 1, 0, NULL, NULL, '2023-11-15 15:25:16', '2023-11-15 15:25:16'),
(19, 2, 0, NULL, NULL, '2023-11-15 15:25:35', '2023-11-15 15:25:35'),
(20, 2, 0, NULL, NULL, '2023-11-15 15:25:35', '2023-11-15 15:25:35'),
(21, 2, 0, NULL, NULL, '2023-11-15 15:25:35', '2023-11-15 15:25:35'),
(22, 2, 0, NULL, NULL, '2023-11-15 15:25:35', '2023-11-15 15:25:35'),
(23, 2, 0, NULL, NULL, '2023-11-15 15:25:35', '2023-11-15 15:25:35'),
(24, 2, 0, NULL, NULL, '2023-11-15 15:25:35', '2023-11-15 15:25:35'),
(25, 2, 0, NULL, NULL, '2023-11-15 15:25:35', '2023-11-15 15:25:35'),
(26, 2, 0, NULL, NULL, '2023-11-15 15:25:35', '2023-11-15 15:25:35'),
(27, 2, 0, NULL, NULL, '2023-11-15 15:25:35', '2023-11-15 15:25:35'),
(28, 2, 0, NULL, NULL, '2023-11-15 15:25:35', '2023-11-15 15:25:35'),
(29, 2, 0, NULL, NULL, '2023-11-15 15:25:35', '2023-11-15 15:25:35'),
(30, 2, 0, NULL, NULL, '2023-11-15 15:25:35', '2023-11-15 15:25:35'),
(31, 2, 0, NULL, NULL, '2023-11-15 15:25:35', '2023-11-15 15:25:35'),
(32, 2, 0, NULL, NULL, '2023-11-15 15:25:35', '2023-11-15 15:25:35'),
(33, 2, 0, NULL, NULL, '2023-11-15 15:25:35', '2023-11-15 15:25:35'),
(34, 2, 0, NULL, NULL, '2023-11-15 15:25:35', '2023-11-15 15:25:35'),
(35, 2, 0, NULL, NULL, '2023-11-15 15:25:35', '2023-11-15 15:25:35'),
(36, 2, 0, NULL, NULL, '2023-11-15 15:25:35', '2023-11-15 15:25:35'),
(37, 3, 0, NULL, NULL, '2023-11-15 15:25:43', '2023-11-15 15:25:43'),
(38, 3, 0, NULL, NULL, '2023-11-15 15:25:43', '2023-11-15 15:25:43'),
(39, 3, 0, NULL, NULL, '2023-11-15 15:25:43', '2023-11-15 15:25:43'),
(40, 3, 0, NULL, NULL, '2023-11-15 15:25:43', '2023-11-15 15:25:43'),
(41, 3, 0, NULL, NULL, '2023-11-15 15:25:43', '2023-11-15 15:25:43'),
(42, 3, 0, NULL, NULL, '2023-11-15 15:25:43', '2023-11-15 15:25:43'),
(43, 3, 0, NULL, NULL, '2023-11-15 15:25:43', '2023-11-15 15:25:43'),
(44, 3, 0, NULL, NULL, '2023-11-15 15:25:43', '2023-11-15 15:25:43'),
(45, 3, 0, NULL, NULL, '2023-11-15 15:25:43', '2023-11-15 15:25:43'),
(46, 3, 0, NULL, NULL, '2023-11-15 15:25:43', '2023-11-15 15:25:43'),
(47, 3, 0, NULL, NULL, '2023-11-15 15:25:43', '2023-11-15 15:25:43'),
(48, 3, 0, NULL, NULL, '2023-11-15 15:25:43', '2023-11-15 15:25:43'),
(49, 3, 0, NULL, NULL, '2023-11-15 15:25:43', '2023-11-15 15:25:43'),
(50, 3, 0, NULL, NULL, '2023-11-15 15:25:43', '2023-11-15 15:25:43'),
(51, 3, 0, NULL, NULL, '2023-11-15 15:25:43', '2023-11-15 15:25:43'),
(52, 3, 0, NULL, NULL, '2023-11-15 15:25:43', '2023-11-15 15:25:43'),
(53, 3, 0, NULL, NULL, '2023-11-15 15:25:43', '2023-11-15 15:25:43'),
(54, 3, 0, NULL, NULL, '2023-11-15 15:25:43', '2023-11-15 15:25:43'),
(55, 4, 0, NULL, NULL, '2023-11-15 15:25:50', '2023-11-15 15:25:50'),
(56, 4, 0, NULL, NULL, '2023-11-15 15:25:50', '2023-11-15 15:25:50'),
(57, 4, 0, NULL, NULL, '2023-11-15 15:25:50', '2023-11-15 15:25:50'),
(58, 4, 0, NULL, NULL, '2023-11-15 15:25:50', '2023-11-15 15:25:50'),
(59, 4, 0, NULL, NULL, '2023-11-15 15:25:50', '2023-11-15 15:25:50'),
(60, 4, 0, NULL, NULL, '2023-11-15 15:25:50', '2023-11-15 15:25:50'),
(61, 4, 0, NULL, NULL, '2023-11-15 15:25:50', '2023-11-15 15:25:50'),
(62, 4, 0, NULL, NULL, '2023-11-15 15:25:50', '2023-11-15 15:25:50'),
(63, 4, 0, NULL, NULL, '2023-11-15 15:25:50', '2023-11-15 15:25:50'),
(64, 4, 0, NULL, NULL, '2023-11-15 15:25:50', '2023-11-15 15:25:50'),
(65, 4, 0, NULL, NULL, '2023-11-15 15:25:50', '2023-11-15 15:25:50'),
(66, 4, 0, NULL, NULL, '2023-11-15 15:25:50', '2023-11-15 15:25:50'),
(67, 4, 0, NULL, NULL, '2023-11-15 15:25:50', '2023-11-15 15:25:50'),
(68, 4, 0, NULL, NULL, '2023-11-15 15:25:50', '2023-11-15 15:25:50'),
(69, 4, 0, NULL, NULL, '2023-11-15 15:25:50', '2023-11-15 15:25:50'),
(70, 4, 0, NULL, NULL, '2023-11-15 15:25:50', '2023-11-15 15:25:50'),
(71, 4, 0, NULL, NULL, '2023-11-15 15:25:50', '2023-11-15 15:25:50'),
(72, 4, 0, NULL, NULL, '2023-11-15 15:25:50', '2023-11-15 15:25:50'),
(73, 5, 0, NULL, NULL, '2023-11-15 15:26:00', '2023-11-15 15:26:00'),
(74, 5, 0, NULL, NULL, '2023-11-15 15:26:00', '2023-11-15 15:26:00'),
(75, 5, 0, NULL, NULL, '2023-11-15 15:26:00', '2023-11-15 15:26:00'),
(76, 5, 0, NULL, NULL, '2023-11-15 15:26:00', '2023-11-15 15:26:00'),
(77, 5, 0, NULL, NULL, '2023-11-15 15:26:00', '2023-11-15 15:26:00'),
(78, 5, 0, NULL, NULL, '2023-11-15 15:26:00', '2023-11-15 15:26:00'),
(79, 5, 0, NULL, NULL, '2023-11-15 15:26:00', '2023-11-15 15:26:00'),
(80, 5, 0, NULL, NULL, '2023-11-15 15:26:00', '2023-11-15 15:26:00'),
(81, 5, 0, NULL, NULL, '2023-11-15 15:26:00', '2023-11-15 15:26:00'),
(82, 5, 0, NULL, NULL, '2023-11-15 15:26:00', '2023-11-15 15:26:00'),
(83, 5, 0, NULL, NULL, '2023-11-15 15:26:00', '2023-11-15 15:26:00'),
(84, 5, 0, NULL, NULL, '2023-11-15 15:26:00', '2023-11-15 15:26:00'),
(85, 5, 0, NULL, NULL, '2023-11-15 15:26:00', '2023-11-15 15:26:00'),
(86, 5, 0, NULL, NULL, '2023-11-15 15:26:00', '2023-11-15 15:26:00'),
(87, 5, 0, NULL, NULL, '2023-11-15 15:26:00', '2023-11-15 15:26:00'),
(88, 5, 0, NULL, NULL, '2023-11-15 15:26:00', '2023-11-15 15:26:00'),
(89, 5, 0, NULL, NULL, '2023-11-15 15:26:00', '2023-11-15 15:26:00'),
(90, 5, 0, NULL, NULL, '2023-11-15 15:26:00', '2023-11-15 15:26:00'),
(91, 6, 0, NULL, NULL, '2023-11-15 15:32:10', '2023-11-15 15:32:10'),
(92, 6, 0, NULL, NULL, '2023-11-15 15:32:10', '2023-11-15 15:32:10'),
(93, 6, 0, NULL, NULL, '2023-11-15 15:32:10', '2023-11-15 15:32:10'),
(94, 6, 0, NULL, NULL, '2023-11-15 15:32:10', '2023-11-15 15:32:10'),
(95, 6, 0, NULL, NULL, '2023-11-15 15:32:10', '2023-11-15 15:32:10'),
(96, 6, 0, NULL, NULL, '2023-11-15 15:32:10', '2023-11-15 15:32:10'),
(97, 6, 0, NULL, NULL, '2023-11-15 15:32:10', '2023-11-15 15:32:10'),
(98, 6, 0, NULL, NULL, '2023-11-15 15:32:10', '2023-11-15 15:32:10'),
(99, 6, 0, NULL, NULL, '2023-11-15 15:32:10', '2023-11-15 15:32:10'),
(100, 6, 0, NULL, NULL, '2023-11-15 15:32:10', '2023-11-15 15:32:10'),
(101, 7, 0, NULL, NULL, '2023-11-15 15:32:51', '2023-11-15 15:32:51'),
(102, 7, 0, NULL, NULL, '2023-11-15 15:32:51', '2023-11-15 15:32:51'),
(103, 7, 0, NULL, NULL, '2023-11-15 15:32:51', '2023-11-15 15:32:51'),
(104, 7, 0, NULL, NULL, '2023-11-15 15:32:51', '2023-11-15 15:32:51'),
(105, 7, 0, NULL, NULL, '2023-11-15 15:32:51', '2023-11-15 15:32:51'),
(106, 7, 0, NULL, NULL, '2023-11-15 15:32:51', '2023-11-15 15:32:51'),
(107, 7, 0, NULL, NULL, '2023-11-15 15:32:51', '2023-11-15 15:32:51'),
(108, 7, 0, NULL, NULL, '2023-11-15 15:32:51', '2023-11-15 15:32:51'),
(109, 7, 0, NULL, NULL, '2023-11-15 15:32:51', '2023-11-15 15:32:51'),
(110, 7, 0, NULL, NULL, '2023-11-15 15:32:51', '2023-11-15 15:32:51'),
(111, 8, 0, NULL, NULL, '2023-11-15 15:33:05', '2023-11-15 15:33:05'),
(112, 8, 0, NULL, NULL, '2023-11-15 15:33:05', '2023-11-15 15:33:05'),
(113, 8, 0, NULL, NULL, '2023-11-15 15:33:05', '2023-11-15 15:33:05'),
(114, 8, 0, NULL, NULL, '2023-11-15 15:33:05', '2023-11-15 15:33:05'),
(115, 8, 0, NULL, NULL, '2023-11-15 15:33:05', '2023-11-15 15:33:05'),
(116, 8, 0, NULL, NULL, '2023-11-15 15:33:05', '2023-11-15 15:33:05'),
(117, 8, 0, NULL, NULL, '2023-11-15 15:33:05', '2023-11-15 15:33:05'),
(118, 8, 0, NULL, NULL, '2023-11-15 15:33:05', '2023-11-15 15:33:05'),
(119, 8, 0, NULL, NULL, '2023-11-15 15:33:05', '2023-11-15 15:33:05'),
(120, 8, 0, NULL, NULL, '2023-11-15 15:33:05', '2023-11-15 15:33:05'),
(121, 9, 0, NULL, NULL, '2023-11-15 15:33:42', '2023-11-15 15:33:42'),
(122, 9, 0, NULL, NULL, '2023-11-15 15:33:42', '2023-11-15 15:33:42'),
(123, 9, 0, NULL, NULL, '2023-11-15 15:33:42', '2023-11-15 15:33:42'),
(124, 9, 0, NULL, NULL, '2023-11-15 15:33:42', '2023-11-15 15:33:42'),
(125, 9, 0, NULL, NULL, '2023-11-15 15:33:42', '2023-11-15 15:33:42'),
(126, 9, 0, NULL, NULL, '2023-11-15 15:33:42', '2023-11-15 15:33:42'),
(127, 9, 0, NULL, NULL, '2023-11-15 15:33:42', '2023-11-15 15:33:42'),
(128, 9, 0, NULL, NULL, '2023-11-15 15:33:42', '2023-11-15 15:33:42'),
(129, 9, 0, NULL, NULL, '2023-11-15 15:33:42', '2023-11-15 15:33:42'),
(130, 9, 0, NULL, NULL, '2023-11-15 15:33:42', '2023-11-15 15:33:42'),
(131, 10, 0, NULL, NULL, '2023-11-15 15:33:54', '2023-11-15 15:33:54'),
(132, 10, 0, NULL, NULL, '2023-11-15 15:33:54', '2023-11-15 15:33:54'),
(133, 10, 0, NULL, NULL, '2023-11-15 15:33:54', '2023-11-15 15:33:54'),
(134, 10, 0, NULL, NULL, '2023-11-15 15:33:54', '2023-11-15 15:33:54'),
(135, 10, 0, NULL, NULL, '2023-11-15 15:33:54', '2023-11-15 15:33:54'),
(136, 10, 0, NULL, NULL, '2023-11-15 15:33:54', '2023-11-15 15:33:54'),
(137, 10, 0, NULL, NULL, '2023-11-15 15:33:54', '2023-11-15 15:33:54'),
(138, 10, 0, NULL, NULL, '2023-11-15 15:33:54', '2023-11-15 15:33:54'),
(139, 10, 0, NULL, NULL, '2023-11-15 15:33:54', '2023-11-15 15:33:54'),
(140, 10, 0, NULL, NULL, '2023-11-15 15:33:54', '2023-11-15 15:33:54'),
(141, 11, 0, NULL, NULL, '2023-11-15 15:34:05', '2023-11-15 15:34:05'),
(142, 11, 0, NULL, NULL, '2023-11-15 15:34:05', '2023-11-15 15:34:05'),
(143, 11, 0, NULL, NULL, '2023-11-15 15:34:05', '2023-11-15 15:34:05'),
(144, 11, 0, NULL, NULL, '2023-11-15 15:34:05', '2023-11-15 15:34:05'),
(145, 11, 0, NULL, NULL, '2023-11-15 15:34:05', '2023-11-15 15:34:05'),
(146, 11, 0, NULL, NULL, '2023-11-15 15:34:05', '2023-11-15 15:34:05'),
(147, 11, 0, NULL, NULL, '2023-11-15 15:34:05', '2023-11-15 15:34:05'),
(148, 11, 0, NULL, NULL, '2023-11-15 15:34:05', '2023-11-15 15:34:05'),
(149, 11, 0, NULL, NULL, '2023-11-15 15:34:05', '2023-11-15 15:34:05'),
(150, 11, 0, NULL, NULL, '2023-11-15 15:34:05', '2023-11-15 15:34:05'),
(151, 12, 0, NULL, NULL, '2023-11-15 15:34:17', '2023-11-15 15:34:17'),
(152, 12, 0, NULL, NULL, '2023-11-15 15:34:17', '2023-11-15 15:34:17'),
(153, 12, 0, NULL, NULL, '2023-11-15 15:34:17', '2023-11-15 15:34:17'),
(154, 12, 0, NULL, NULL, '2023-11-15 15:34:17', '2023-11-15 15:34:17'),
(155, 12, 0, NULL, NULL, '2023-11-15 15:34:17', '2023-11-15 15:34:17'),
(156, 12, 0, NULL, NULL, '2023-11-15 15:34:17', '2023-11-15 15:34:17'),
(157, 12, 0, NULL, NULL, '2023-11-15 15:34:17', '2023-11-15 15:34:17'),
(158, 12, 0, NULL, NULL, '2023-11-15 15:34:17', '2023-11-15 15:34:17'),
(159, 12, 0, NULL, NULL, '2023-11-15 15:34:17', '2023-11-15 15:34:17'),
(160, 12, 0, NULL, NULL, '2023-11-15 15:34:17', '2023-11-15 15:34:17'),
(161, 13, 0, NULL, NULL, '2023-11-15 15:34:30', '2023-11-15 15:34:30'),
(162, 13, 0, NULL, NULL, '2023-11-15 15:34:30', '2023-11-15 15:34:30'),
(163, 13, 0, NULL, NULL, '2023-11-15 15:34:30', '2023-11-15 15:34:30'),
(164, 13, 0, NULL, NULL, '2023-11-15 15:34:30', '2023-11-15 15:34:30'),
(165, 13, 0, NULL, NULL, '2023-11-15 15:34:30', '2023-11-15 15:34:30'),
(166, 13, 0, NULL, NULL, '2023-11-15 15:34:30', '2023-11-15 15:34:30'),
(167, 13, 0, NULL, NULL, '2023-11-15 15:34:30', '2023-11-15 15:34:30'),
(168, 13, 0, NULL, NULL, '2023-11-15 15:34:30', '2023-11-15 15:34:30'),
(169, 13, 0, NULL, NULL, '2023-11-15 15:34:30', '2023-11-15 15:34:30'),
(170, 13, 0, NULL, NULL, '2023-11-15 15:34:30', '2023-11-15 15:34:30'),
(171, 14, 0, NULL, NULL, '2023-11-15 15:36:07', '2023-11-15 15:36:07'),
(172, 14, 0, NULL, NULL, '2023-11-15 15:36:07', '2023-11-15 15:36:07'),
(173, 14, 0, NULL, NULL, '2023-11-15 15:36:07', '2023-11-15 15:36:07'),
(174, 14, 0, NULL, NULL, '2023-11-15 15:36:07', '2023-11-15 15:36:07'),
(175, 14, 0, NULL, NULL, '2023-11-15 15:36:07', '2023-11-15 15:36:07'),
(176, 14, 0, NULL, NULL, '2023-11-15 15:36:07', '2023-11-15 15:36:07'),
(177, 14, 0, NULL, NULL, '2023-11-15 15:36:07', '2023-11-15 15:36:07'),
(178, 14, 0, NULL, NULL, '2023-11-15 15:36:07', '2023-11-15 15:36:07'),
(179, 14, 0, NULL, NULL, '2023-11-15 15:36:07', '2023-11-15 15:36:07'),
(180, 14, 0, NULL, NULL, '2023-11-15 15:36:07', '2023-11-15 15:36:07'),
(181, 15, 0, NULL, NULL, '2023-11-15 15:36:18', '2023-11-15 15:36:18'),
(182, 15, 0, NULL, NULL, '2023-11-15 15:36:18', '2023-11-15 15:36:18'),
(183, 15, 0, NULL, NULL, '2023-11-15 15:36:18', '2023-11-15 15:36:18'),
(184, 15, 0, NULL, NULL, '2023-11-15 15:36:18', '2023-11-15 15:36:18'),
(185, 15, 0, NULL, NULL, '2023-11-15 15:36:18', '2023-11-15 15:36:18'),
(186, 15, 0, NULL, NULL, '2023-11-15 15:36:18', '2023-11-15 15:36:18'),
(187, 15, 0, NULL, NULL, '2023-11-15 15:36:18', '2023-11-15 15:36:18'),
(188, 15, 0, NULL, NULL, '2023-11-15 15:36:18', '2023-11-15 15:36:18'),
(189, 15, 0, NULL, NULL, '2023-11-15 15:36:18', '2023-11-15 15:36:18'),
(190, 15, 0, NULL, NULL, '2023-11-15 15:36:18', '2023-11-15 15:36:18');

-- --------------------------------------------------------

--
-- Structure de la table `garages`
--

CREATE TABLE `garages` (
  `garageId` int(11) NOT NULL,
  `marketId` int(11) DEFAULT NULL,
  `garageName` varchar(100) DEFAULT NULL,
  `createdAt` timestamp NULL DEFAULT current_timestamp(),
  `updatedAt` timestamp NULL DEFAULT current_timestamp()
) ENGINE=InnoDB DEFAULT CHARSET=utf8mb4 COLLATE=utf8mb4_general_ci;

--
-- Déchargement des données de la table `garages`
--

INSERT INTO `garages` (`garageId`, `marketId`, `garageName`, `createdAt`, `updatedAt`) VALUES
(1, 1, 'DC Garage Paris', '2023-11-15 14:12:53', '2023-11-15 14:12:53'),
(2, 2, 'DC Garage Lyon', '2023-11-15 14:12:53', '2023-11-15 14:12:53'),
(3, 3, 'DC Garage Marseille', '2023-11-15 14:12:53', '2023-11-15 14:12:53'),
(4, 4, 'DC Garage Toulouse', '2023-11-15 14:12:53', '2023-11-15 14:12:53'),
(5, 5, 'DC Garage Nice', '2023-11-15 14:12:53', '2023-11-15 14:12:53'),
(6, 16, 'DC Garage Berlin', '2023-11-15 14:12:53', '2023-11-15 14:12:53'),
(7, 17, 'DC Garage Madrid', '2023-11-15 14:12:53', '2023-11-15 14:12:53'),
(8, 18, 'DC Garage Rome', '2023-11-15 14:12:53', '2023-11-15 14:12:53'),
(9, 19, 'DC Garage London', '2023-11-15 14:12:53', '2023-11-15 14:12:53'),
(10, 20, 'DC Garage Tokyo', '2023-11-15 14:12:53', '2023-11-15 14:12:53'),
(11, 21, 'DC Garage New York', '2023-11-15 14:12:53', '2023-11-15 14:12:53'),
(12, 22, 'DC Garage Moscow', '2023-11-15 14:12:53', '2023-11-15 14:12:53'),
(13, 23, 'DC Garage Sydney', '2023-11-15 14:12:53', '2023-11-15 14:12:53'),
(14, 24, 'DC Garage Toronto', '2023-11-15 14:12:53', '2023-11-15 14:12:53'),
(15, 25, 'DC Garage Beijing', '2023-11-15 14:12:53', '2023-11-15 14:12:53');

-- --------------------------------------------------------

--
-- Structure de la table `location`
--

CREATE TABLE `location` (
  `locationId` int(11) NOT NULL,
  `customerId` int(11) DEFAULT NULL,
  `marketId` int(11) DEFAULT NULL,
  `locationDuration` float DEFAULT NULL,
  `locationDateStart` date DEFAULT NULL,
  `locationDateEnd` date DEFAULT NULL,
  `locationCostOfTVA` float DEFAULT NULL,
  `locationTotalHT` float DEFAULT NULL,
  `locationTotalTTC` float DEFAULT NULL,
  `locationCostCaution` float DEFAULT NULL,
  `locationStatus` int(11) DEFAULT NULL,
  `locationResume` text DEFAULT NULL,
  `createdAt` timestamp NULL DEFAULT current_timestamp(),
  `updatedAt` timestamp NULL DEFAULT current_timestamp()
) ENGINE=InnoDB DEFAULT CHARSET=utf8mb4 COLLATE=utf8mb4_general_ci;

-- --------------------------------------------------------

--
-- Structure de la table `locationValidation`
--

CREATE TABLE `locationValidation` (
  `locationValidationId` int(11) NOT NULL,
  `locationId` int(11) DEFAULT NULL,
  `locationValidationStatus` int(11) DEFAULT NULL,
  `locationValidationEtatCarStart` int(11) DEFAULT NULL,
  `locationValidationEtatCarEnd` int(11) DEFAULT NULL,
  `createdAt` timestamp NULL DEFAULT current_timestamp(),
  `updatedAt` timestamp NULL DEFAULT current_timestamp()
) ENGINE=InnoDB DEFAULT CHARSET=utf8mb4 COLLATE=utf8mb4_general_ci;

-- --------------------------------------------------------

--
-- Structure de la table `locationValidationAdmin`
--

CREATE TABLE `locationValidationAdmin` (
  `locationValidationId` int(11) DEFAULT NULL,
  `adminId` int(11) DEFAULT NULL
) ENGINE=InnoDB DEFAULT CHARSET=utf8mb4 COLLATE=utf8mb4_general_ci;

-- --------------------------------------------------------

--
-- Structure de la table `marketAdmin`
--

CREATE TABLE `marketAdmin` (
  `marketId` int(11) DEFAULT NULL,
  `adminId` int(11) DEFAULT NULL
) ENGINE=InnoDB DEFAULT CHARSET=utf8mb4 COLLATE=utf8mb4_general_ci;

--
-- Déchargement des données de la table `marketAdmin`
--

INSERT INTO `marketAdmin` (`marketId`, `adminId`) VALUES
(1, 1),
(2, 2),
(3, 3),
(4, 4),
(5, 5),
(16, 6),
(17, 7),
(18, 8),
(19, 9),
(20, 10),
(21, 11),
(22, 12),
(23, 13),
(24, 14),
(25, 15),
(1, 16),
(2, 16),
(3, 16),
(4, 16),
(5, 16),
(16, 16),
(17, 16),
(18, 16),
(19, 16),
(20, 16),
(21, 16),
(22, 16),
(23, 16),
(24, 16),
(25, 16);

-- --------------------------------------------------------

--
-- Structure de la table `markets`
--

CREATE TABLE `markets` (
  `marketId` int(11) NOT NULL,
  `marketName` varchar(100) DEFAULT NULL,
  `marketCity` varchar(100) DEFAULT NULL,
  `marketAdress` varchar(100) DEFAULT NULL,
  `marketZip` varchar(10) DEFAULT NULL,
  `marketCountry` varchar(100) DEFAULT NULL,
  `createdAt` timestamp NULL DEFAULT current_timestamp(),
  `updatedAt` timestamp NULL DEFAULT current_timestamp()
) ENGINE=InnoDB DEFAULT CHARSET=utf8mb4 COLLATE=utf8mb4_general_ci;

--
-- Déchargement des données de la table `markets`
--

INSERT INTO `markets` (`marketId`, `marketName`, `marketCity`, `marketAdress`, `marketZip`, `marketCountry`, `createdAt`, `updatedAt`) VALUES
(1, 'DC Paris', 'Paris', '123 Rue de Exemple', '75001', 'France', '2023-11-15 13:56:38', '2023-11-15 13:56:38'),
(2, 'DC Lyon', 'Lyon', '456 Avenue du Test', '69001', 'France', '2023-11-15 13:56:38', '2023-11-15 13:56:38'),
(3, 'DC Marseille', 'Marseille', '789 Boulevard de Demo', '13001', 'France', '2023-11-15 13:56:38', '2023-11-15 13:56:38'),
(4, 'DC Toulouse', 'Toulouse', '101 Rue de Fictif', '31000', 'France', '2023-11-15 13:56:38', '2023-11-15 13:56:38'),
(5, 'DC Nice', 'Nice', '202 Chemin de Simulé', '6000', 'France', '2023-11-15 13:56:38', '2023-11-15 13:56:38'),
(16, 'DC Berlin', 'Berlin', 'Straße 1', '10115', 'Germany', '2023-11-15 13:58:50', '2023-11-15 13:58:50'),
(17, 'DC Madrid', 'Madrid', 'Calle 2', '28001', 'Spain', '2023-11-15 13:58:50', '2023-11-15 13:58:50'),
(18, 'DC Rome', 'Rome', 'Via 3', '00118', 'Italy', '2023-11-15 13:58:50', '2023-11-15 13:58:50'),
(19, 'DC London', 'London', 'Street 4', 'SW1A 1AA', 'United Kingdom', '2023-11-15 13:58:50', '2023-11-15 13:58:50'),
(20, 'DC Tokyo', 'Tokyo', '道 5', '100-0001', 'Japan', '2023-11-15 13:58:50', '2023-11-15 13:58:50'),
(21, 'DC New York', 'New York', 'Avenue 6', '10001', 'USA', '2023-11-15 13:58:50', '2023-11-15 13:58:50'),
(22, 'DC Moscow', 'Moscow', 'улица 7', '101000', 'Russia', '2023-11-15 13:58:50', '2023-11-15 13:58:50'),
(23, 'DC Sydney', 'Sydney', 'Road 8', '2000', 'Australia', '2023-11-15 13:58:50', '2023-11-15 13:58:50'),
(24, 'DC Toronto', 'Toronto', 'Street 9', 'M5H 2N2', 'Canada', '2023-11-15 13:58:50', '2023-11-15 13:58:50'),
(25, 'DC Beijing', 'Beijing', '路 10', '100000', 'China', '2023-11-15 13:58:50', '2023-11-15 13:58:50');

-- --------------------------------------------------------

--
-- Structure de la table `typeCar`
--

CREATE TABLE `typeCar` (
  `typeCarId` int(11) NOT NULL,
  `typeCarName` varchar(100) DEFAULT NULL,
  `createdAt` timestamp NULL DEFAULT current_timestamp(),
  `updatedAt` timestamp NULL DEFAULT current_timestamp()
) ENGINE=InnoDB DEFAULT CHARSET=utf8mb4 COLLATE=utf8mb4_general_ci;

--
-- Déchargement des données de la table `typeCar`
--

INSERT INTO `typeCar` (`typeCarId`, `typeCarName`, `createdAt`, `updatedAt`) VALUES
(1, 'Berline', '2023-11-15 12:42:21', '2023-11-15 12:42:21'),
(2, 'SUV', '2023-11-15 12:42:21', '2023-11-15 12:42:21'),
(3, 'Coupé', '2023-11-15 12:42:21', '2023-11-15 12:42:21'),
(4, 'Cabriolet', '2023-11-15 12:42:21', '2023-11-15 12:42:21'),
(5, 'Hatchback', '2023-11-15 12:42:21', '2023-11-15 12:42:21');

--
-- Index pour les tables déchargées
--

--
-- Index pour la table `admins`
--
ALTER TABLE `admins`
  ADD PRIMARY KEY (`adminId`);

--
-- Index pour la table `brands`
--
ALTER TABLE `brands`
  ADD PRIMARY KEY (`brandId`);

--
-- Index pour la table `cars`
--
ALTER TABLE `cars`
  ADD PRIMARY KEY (`carId`),
  ADD KEY `cars_FK_1` (`brandId`),
  ADD KEY `cars_FK_2` (`typeCarId`);

--
-- Index pour la table `customers`
--
ALTER TABLE `customers`
  ADD PRIMARY KEY (`customerId`);

--
-- Index pour la table `garageCar`
--
ALTER TABLE `garageCar`
  ADD KEY `garageCar_FK` (`carId`),
  ADD KEY `garageCar_FK_1` (`garageId`);

--
-- Index pour la table `garages`
--
ALTER TABLE `garages`
  ADD PRIMARY KEY (`garageId`),
  ADD KEY `garages_FK_1` (`marketId`);

--
-- Index pour la table `location`
--
ALTER TABLE `location`
  ADD PRIMARY KEY (`locationId`),
  ADD KEY `location_FK_1` (`customerId`),
  ADD KEY `location_market_FK` (`marketId`);

--
-- Index pour la table `locationValidation`
--
ALTER TABLE `locationValidation`
  ADD PRIMARY KEY (`locationValidationId`),
  ADD KEY `locationValidation_FK` (`locationId`);

--
-- Index pour la table `locationValidationAdmin`
--
ALTER TABLE `locationValidationAdmin`
  ADD KEY `locationValidationAdmin_FK` (`adminId`),
  ADD KEY `locationValidationAdmin_FK_1` (`locationValidationId`);

--
-- Index pour la table `marketAdmin`
--
ALTER TABLE `marketAdmin`
  ADD KEY `marketAdmin_FK` (`adminId`),
  ADD KEY `marketAdmin_FK_1` (`marketId`);

--
-- Index pour la table `markets`
--
ALTER TABLE `markets`
  ADD PRIMARY KEY (`marketId`);

--
-- Index pour la table `typeCar`
--
ALTER TABLE `typeCar`
  ADD PRIMARY KEY (`typeCarId`);

--
-- AUTO_INCREMENT pour les tables déchargées
--

--
-- AUTO_INCREMENT pour la table `admins`
--
ALTER TABLE `admins`
  MODIFY `adminId` int(11) NOT NULL AUTO_INCREMENT, AUTO_INCREMENT=17;

--
-- AUTO_INCREMENT pour la table `brands`
--
ALTER TABLE `brands`
  MODIFY `brandId` int(11) NOT NULL AUTO_INCREMENT, AUTO_INCREMENT=14;

--
-- AUTO_INCREMENT pour la table `cars`
--
ALTER TABLE `cars`
  MODIFY `carId` int(11) NOT NULL AUTO_INCREMENT, AUTO_INCREMENT=191;

--
-- AUTO_INCREMENT pour la table `customers`
--
ALTER TABLE `customers`
  MODIFY `customerId` int(11) NOT NULL AUTO_INCREMENT;

--
-- AUTO_INCREMENT pour la table `garages`
--
ALTER TABLE `garages`
  MODIFY `garageId` int(11) NOT NULL AUTO_INCREMENT, AUTO_INCREMENT=16;

--
-- AUTO_INCREMENT pour la table `location`
--
ALTER TABLE `location`
  MODIFY `locationId` int(11) NOT NULL AUTO_INCREMENT;

--
-- AUTO_INCREMENT pour la table `markets`
--
ALTER TABLE `markets`
  MODIFY `marketId` int(11) NOT NULL AUTO_INCREMENT, AUTO_INCREMENT=26;

--
-- AUTO_INCREMENT pour la table `typeCar`
--
ALTER TABLE `typeCar`
  MODIFY `typeCarId` int(11) NOT NULL AUTO_INCREMENT, AUTO_INCREMENT=6;

--
-- Contraintes pour les tables déchargées
--

--
-- Contraintes pour la table `cars`
--
ALTER TABLE `cars`
  ADD CONSTRAINT `cars_FK_1` FOREIGN KEY (`brandId`) REFERENCES `brands` (`brandId`) ON DELETE CASCADE ON UPDATE CASCADE,
  ADD CONSTRAINT `cars_FK_2` FOREIGN KEY (`typeCarId`) REFERENCES `typeCar` (`typeCarId`) ON DELETE CASCADE ON UPDATE CASCADE;

--
-- Contraintes pour la table `garageCar`
--
ALTER TABLE `garageCar`
  ADD CONSTRAINT `garageCar_FK` FOREIGN KEY (`carId`) REFERENCES `cars` (`carId`) ON DELETE CASCADE ON UPDATE CASCADE,
  ADD CONSTRAINT `garageCar_FK_1` FOREIGN KEY (`garageId`) REFERENCES `garages` (`garageId`) ON DELETE CASCADE ON UPDATE CASCADE;

--
-- Contraintes pour la table `garages`
--
ALTER TABLE `garages`
  ADD CONSTRAINT `garages_FK_1` FOREIGN KEY (`marketId`) REFERENCES `markets` (`marketId`) ON DELETE CASCADE ON UPDATE CASCADE;

--
-- Contraintes pour la table `location`
--
ALTER TABLE `location`
  ADD CONSTRAINT `location_FK_1` FOREIGN KEY (`customerId`) REFERENCES `customers` (`customerId`) ON DELETE CASCADE ON UPDATE CASCADE,
  ADD CONSTRAINT `location_market_FK` FOREIGN KEY (`marketId`) REFERENCES `markets` (`marketId`) ON DELETE CASCADE ON UPDATE CASCADE;

--
-- Contraintes pour la table `locationValidation`
--
ALTER TABLE `locationValidation`
  ADD CONSTRAINT `locationValidation_FK` FOREIGN KEY (`locationId`) REFERENCES `location` (`locationId`) ON DELETE CASCADE ON UPDATE CASCADE;

--
-- Contraintes pour la table `locationValidationAdmin`
--
ALTER TABLE `locationValidationAdmin`
  ADD CONSTRAINT `locationValidationAdmin_FK` FOREIGN KEY (`adminId`) REFERENCES `admins` (`adminId`) ON DELETE CASCADE ON UPDATE CASCADE,
  ADD CONSTRAINT `locationValidationAdmin_FK_1` FOREIGN KEY (`locationValidationId`) REFERENCES `locationValidation` (`locationValidationId`) ON DELETE CASCADE ON UPDATE CASCADE;

--
-- Contraintes pour la table `marketAdmin`
--
ALTER TABLE `marketAdmin`
  ADD CONSTRAINT `marketAdmin_FK` FOREIGN KEY (`adminId`) REFERENCES `admins` (`adminId`) ON DELETE CASCADE ON UPDATE CASCADE,
  ADD CONSTRAINT `marketAdmin_FK_1` FOREIGN KEY (`marketId`) REFERENCES `markets` (`marketId`) ON DELETE CASCADE ON UPDATE CASCADE;
COMMIT;

/*!40101 SET CHARACTER_SET_CLIENT=@OLD_CHARACTER_SET_CLIENT */;
/*!40101 SET CHARACTER_SET_RESULTS=@OLD_CHARACTER_SET_RESULTS */;
/*!40101 SET COLLATION_CONNECTION=@OLD_COLLATION_CONNECTION */;